pa_name,season,year,ndvi_mean,evi,savi,vegetation_percent,sensor,day_count,temperature_2m,total_precipitation_sum,u_component_of_wind_10m,v_component_of_wind_10m,surface_pressure,dewpoint_temperature_2m,runoff_sum,skin_temperature,soil_temperature_level_1,soil_temperature_level_2,soil_temperature_level_3,soil_temperature_level_4,sub_surface_runoff_sum,surface_runoff_sum,surface_solar_radiation_downwards_sum,total_evaporation_sum,volumetric_soil_water_layer_1,volumetric_soil_water_layer_2,volumetric_soil_water_layer_3,volumetric_soil_water_layer_4
محمية علبة,0,1984,0.0163173756262366,-0.0151864960755306,0.0244757245395745,0.0003022920586526,L5,91,291.25686875807685,8.955137491295848e-05,-0.1875587642242988,-1.9510657498315196,97684.35387164557,282.72424359201875,2.298935018721501e-07,293.6463639534636,293.75230444979354,294.8083929603723,298.0907673996217,301.67336745864907,0.0,2.2997170682776041e-07,17651667.16720901,-0.00013981660057239522,0.0142208962231944,0.0025253271009217,0.0003645505864999316,0.001304723091585
محمية علبة,1,1984,0.0262811350316783,-0.0256487646128734,0.0394211354322562,3.879017519599828e-05,L5,92,298.318467520642,6.978041706241085e-06,-0.6569015910461762,-1.4629795790229352,97137.72072349578,280.5088432031233,1.5619906097759795e-08,302.6687751621039,302.5378062037528,301.4978974001369,299.3910001095401,300.61507127536106,0.0,1.5906265982162772e-08,17727910.451234426,-9.71684746783774e-05,0.0024682082703585,0.0023783574125124,0.0003654896946129882,0.0013031977781892
محمية علبة,2,1984,0.0195641781172566,-0.0198962623337939,0.0293458989483276,3.0656990882275475e-05,L5,92,303.4698576314552,8.656466792493244e-07,0.9058342999038916,-1.3043323070159178,96774.22832261652,282.56940694884355,6.552795392171805e-10,308.2406333214616,308.14815646982123,307.3319226962348,304.7465202605003,301.13447497753896,0.0,6.672223242494421e-10,27301017.31120169,-0.00011914811223460432,2.7291031643131543e-06,0.0014029357550467,0.0003539252157129706,0.0012807532065198
محمية علبة,3,1984,0.017337130340648,-0.017140750538424,0.0260053681414962,0.0012517990154442,L5,91,299.0169940764366,7.941447028298448e-05,-0.4823278447106527,-1.4221608494042062,97299.961825074,286.1334887947809,2.385828284479902e-07,302.4529112341681,302.5267676380822,303.26373526998646,304.41335698277845,302.2656664662792,0.0,2.390613086204977e-07,13725127.272897469,-0.0001292942496716747,0.0070571819520742,0.0006971927379687446,0.000329311411759245,0.0012553474623241
محمية علبة,0,1985,0.017833674552902,-0.018047039029784,0.0267501839234774,0.0104357934851137,L5,90,291.4049536019381,9.235278747361148e-05,0.1242290055824187,-1.9884268158695009,97605.2026873686,282.071819693384,2.583237377355695e-07,293.8256542361552,293.94051735157177,295.0655672643882,298.34008523834467,301.9551695750761,0.0,2.584910297010797e-07,17774101.579292957,-0.00012010125638071796,0.0131657329221944,0.0030266699530598,0.0005411302099947096,0.0012535682770143
محمية علبة,1,1985,0.0182911428584557,-0.0187989461050814,0.0274363673890056,6.935381380882946e-05,L5,92,298.2743268396146,3.92336242660329e-05,-0.8394414196116065,-1.6250058348306493,97184.01513856424,281.48652359597486,1.337166151618257e-07,302.6318178652046,302.49499383782444,301.3727753838794,299.2722731163059,300.84113532968405,0.0,1.3390800102397745e-07,17253990.13769534,-0.0001113514328155922,0.0033819710606447,0.0030098976772035,0.0006622154651479983,0.0012497887433043
محمية علبة,3,1985,0.0232623854193356,-0.0220600995171415,0.034893048268136,5.270671323322008e-06,L5,91,299.0794981718988,0.00023428036751649745,-0.5125736237505947,-1.46234497873988,97260.08144594924,287.3386136428707,6.546859755100012e-07,302.50332234223305,302.5797353693423,303.2480360250567,304.64734111362986,302.55359528502123,0.0,6.550837506936046e-07,13591724.835855208,-0.00026661503130369547,0.0127079881645615,0.002942370961433,0.0006617552400482334,0.0011968971122136
محمية علبة,0,1986,0.0136225485878391,-0.0135775893012174,0.0204335760120257,0.0001396947051776,L5,90,291.513911200834,8.060313573937089e-05,-0.1669095268353942,-1.7442200967915766,97614.06085812388,282.36034134500017,2.2687923956108838e-07,293.9585276572962,294.0659544380141,295.1175498307498,298.363061776541,302.1769109080513,0.0,2.270552208784273e-07,17753042.548227236,-0.00012462853854040856,0.0137751040849596,0.008025237000247,0.0007977334521190228,0.0011919124741152
محمية علبة,1,1986,0.0094017949229208,-0.010533949000408,0.0141026191422585,0.0010098824143303,L5,92,297.5225275687212,2.394087034039574e-05,-0.3367581732898143,-1.5699789759589968,97189.80876799906,281.92573551598446,7.108302251277265e-08,302.23177773836096,302.1301286549882,301.3332634247092,299.64311783480645,301.0724367937339,0.0,7.148457172967304e-08,17642389.38551087,-0.00010208459838779885,0.0031524513829455,0.0067781338966973,0.0008407633344977649,0.0011919124741152
محمية علبة,3,1986,0.015023959284163,-0.0145555753313948,0.0225356668071919,5.868364360292091e-05,L5,91,298.9341856525195,7.257573643398075e-05,-0.4269591511086935,-1.526671659939964,97313.49439975368,287.0099009589958,2.2241691398443842e-07,302.4705610396834,302.56213057288187,303.42992768387825,304.8645809767693,302.66752667225484,0.0,2.226867344968763e-07,13794752.181225196,-0.0001295307050345276,0.0064016431195248,0.002880411394354,0.0008591739992087598,0.0011917304171452
محمية علبة,0,1987,0.0144422373178788,-0.0148016688588906,0.0216630983851718,0.0009067929073963,L4,90,290.8109236785948,4.558703442265807e-05,0.0304687942147584,-1.7868586138949645,97763.9099135749,281.614564736704,1.2045854705085393e-07,293.2557211645631,293.35763301522354,294.3918408179852,297.7267471761816,302.1886496458507,0.0,1.2097708511863202e-07,17946077.26358318,-6.815950350628953e-05,0.0051863003819204,0.002931855093987,0.0008608660378002893,0.0011916874529367
محمية علبة,1,1987,0.00739768621876,-0.0082316521405112,0.0110964553411435,1.996653670403359e-05,L5,92,297.31218029813,4.03370996364768e-05,-0.423338084552774,-1.4462889332028444,97287.64368933112,280.86696666958545,1.295805742379694e-07,301.98120697188193,301.86499004206706,300.92590869438834,299.25042385880715,300.9690550848238,0.0,1.2993403227932477e-07,17214578.311097108,-0.00011899842091193514,0.005044724366801,0.0029996825921425,0.0008639178521682687,0.001191428019552
محمية علبة,2,1987,0.00541322555889,-0.0071325799710919,0.0081198347111106,2.6860817148941987e-05,L5,92,304.7918104245908,1.655911493257534e-05,0.874944367950583,-1.4785249392556168,96808.48416818652,282.8927203013436,6.038568418272007e-08,309.402013008331,309.30229314105844,308.3800397832726,305.2849401282575,301.4137106044128,0.0,6.060141927600219e-08,27154830.720997773,-0.00013283950806233878,0.0011182902848177,0.002454708115751,0.0008666016624134953,0.001186693266863
محمية علبة,3,1987,0.008354161341417,-0.0101050833374157,0.0125311505541821,0.0003462935227842,L4,91,299.2028608200976,0.0001445213305685733,-0.3426588486689419,-1.4141803664106984,97272.9224464728,287.0726544847409,4.546168970143132e-07,302.7977652658871,302.86847996582134,303.5277311894756,304.890353496159,302.66125700017864,0.0,4.5510480123909045e-07,13765783.206489189,-0.0001873880159210941,0.0091682491158885,0.0029095310651086,0.0008684485009007094,0.0011717199142983
محمية علبة,0,1988,0.0162642625821631,-0.0145462029529401,0.0243960864746676,0.0005618961694673,L4,91,290.9506156655768,5.1970799014475865e-05,0.4112708887366635,-1.8889704542969703,97637.13561158668,281.4037402605777,1.4561849225676966e-07,293.4408307386444,293.5632396223503,294.7437074277344,298.3217823058061,302.3016067764114,0.0,1.458383294646825e-07,17882686.463784344,-9.708434995197232e-05,0.0112141102008372,0.0040581352001897,0.0008772412854704788,0.0011699354056852
محمية علبة,1,1988,0.0200275276957692,-0.0196986076555092,0.030040869336512,0.0001063679720443,L4,92,298.7415233640952,6.744472021828734e-05,-0.4658734430688533,-1.7657881582710409,97140.8655453224,281.0347338775148,2.0973140372850315e-07,302.8743565766496,302.7483465252331,301.6787119462385,299.4938888765364,301.0901582981847,0.0,2.103251537270044e-07,17543483.879523594,-0.0001341155994326391,0.0055745706854304,0.0035858242385941,0.0008835013033728834,0.0011699354056852
محمية علبة,2,1988,0.0133121971630514,-0.0137196590424679,0.0199680646919716,4.112646747765665e-05,L5,92,305.3836603468412,0.00010293359951674105,0.595976761709642,-1.3169560349466325,96678.18040543534,284.1482605372011,3.4646406543386e-07,310.0211904319873,309.9118048818987,308.8529184314301,305.6968665350203,301.62973923043995,0.0,3.467753240736196e-07,26677255.838468734,-0.00020709262918319892,0.0036371148442647,0.0027240010141139,0.000887209086537215,0.0011695174315638
محمية علبة,3,1988,0.0139041645172614,-0.0142951829336523,0.0208560024937857,0.0001336324112459,L5,91,299.1985398245111,0.00013063227094213596,-0.4752840245251387,-1.5621965305723573,97231.80493494008,287.12297977421537,4.050458328275355e-07,302.8469138192242,302.9397670466558,303.7993588214814,305.29912146218675,302.9372964183875,0.0,4.0535265193875057e-07,13686753.885626446,-0.00018261430872784027,0.0097320385846431,0.0027777238646916,0.000888158026675512,0.0011671335279681
محمية علبة,0,1989,0.0076087107355454,-0.0100059995697808,0.0114130610612013,0.0002584887766967,L4,90,289.6497933619285,4.438488674458956e-05,0.5012726719187115,-2.321499349215667,97750.76381252172,279.93586063861983,1.197736234550017e-07,292.08485871408493,292.226569962813,293.5887071300829,297.9267415292688,302.5367742421008,0.0,1.2010246395586004e-07,17978626.217055526,-8.67432906150499e-05,0.0101624639674692,0.0032280057781309,0.0008887266305619611,0.0011666933644408
محمية علبة,1,1989,0.0184132974216952,-0.0181395169710012,0.0276195791698421,4.845140863852765e-05,L4,92,298.2533359710848,4.9937978522764505e-05,-0.7047436175661268,-1.442109765027009,97157.09242877609,282.0230415008123,1.6903261385268726e-07,302.6029067433888,302.4666146283796,301.31448219182363,298.8659066777899,301.0464047941143,0.0,1.69079532605806e-07,17023538.081821997,-0.00011667693457666216,0.0038827611052971,0.0028523834524259,0.0008892867237355499,0.0011667101021272
محمية علبة,2,1989,0.0151806880833369,-0.0155475890430322,0.0227707624499373,6.171675585027133e-05,L5,92,304.74976743871474,1.951289207844774e-06,0.5804448738246513,-1.6249441213970222,96762.72529634896,282.21264293358286,2.7484235618675166e-09,309.19432915077664,309.0911871413987,308.15325272319063,305.2845978357074,301.50753079163667,0.0,2.9956938522282707e-09,27234414.56801174,-0.00012511292605198846,9.95689325480847e-05,0.0018663532402953,0.0008794610468613155,0.0011633619609211
محمية علبة,3,1989,0.0106294532978706,-0.0119840062195813,0.0159440587351175,2.5635859914128647e-05,L4,91,299.35128288595774,8.609599513297493e-05,-0.5763394347000993,-1.5406697548165706,97244.8247332673,286.4763550479679,2.480893802377669e-07,302.68265019143104,302.75732511893864,303.50551014611455,304.87936670077875,302.7053307776236,0.0,2.485772828842398e-07,13807702.51429274,-0.0001281586968652557,0.0039626635123458,0.0011769946343743,0.0008569197668991984,0.0011502670366874
محمية علبة,0,1990,0.0124470174030317,-0.0128449394211887,0.0186703214136591,0.0003467871785798,L5,90,290.4282167667528,3.0445296627782437e-05,0.5619558596345984,-2.0591421122801266,97709.7604062038,280.1788266536938,8.57281333790567e-08,292.8471273948832,292.98691153471424,294.33032578130457,298.16111804643765,302.31043129381493,0.0,8.589908620280273e-08,18238987.68401435,-9.482166427924442e-05,0.009162813058059,0.0027149313384451,0.00085218416730616,0.0011475833019578
محمية علبة,1,1990,0.0040005829182242,-0.0067535341007439,0.0060009721286395,1.8036116797759084e-05,L4,92,297.71566876761574,1.5965849053484062e-05,-0.2098934664135518,-1.700842314913454,97283.58213501956,279.41146899017974,5.12637194068473e-08,302.01241350324494,301.8778349191552,300.76618022536,298.8122871443163,300.9681801391204,0.0,5.1457504754043974e-08,17707109.435836103,-9.897514503759472e-05,0.001363160999312,0.0021408671695315,0.0008484496602717338,0.0011473969732797
محمية علبة,2,1990,0.0156834844161507,-0.0162342268113915,0.0235249533737262,8.407117905671608e-05,L5,92,304.30966712181123,8.02584620289607e-07,1.132826219890445,-1.439837289077066,96813.7461820704,282.25489481401974,2.7297615942497984e-10,308.9607318236849,308.8643765635463,307.9779578609908,305.0899048428118,301.3841618867877,0.0,4.2973731187327744e-10,27348776.11075621,-0.00012347184404137558,1.0598301408759984e-06,0.0012391067201145,0.0008229169382981567,0.0011436742383937
محمية علبة,3,1990,0.0062804365704977,-0.0081367870379506,0.0094206447456629,0.0001262206315971,L4,91,299.9873501697809,4.249954166839007e-05,-0.6408013262868961,-1.2205494383614006,97234.83549584802,287.0703206997115,1.1788816084597233e-07,303.43500595944886,303.4902782135865,304.0760995479962,304.9154565847933,302.57120377756434,0.0,1.1821667216525845e-07,13924986.670032578,-0.00010248688950623708,0.003592489703351,0.0005582758366753844,0.0007867998957270959,0.0011293665462308
محمية علبة,0,1991,0.009494146584184,-0.0102862105446979,0.0142410988373977,7.901631385585876e-05,L5,90,292.01541773893643,0.00011756133992852591,0.0185867271675865,-1.751849704607419,97641.85952925013,282.94346334555667,3.264280926271615e-07,294.5787688154911,294.69614996513303,295.78567173708177,299.2145392322367,302.43776340611424,0.0,3.267319263065036e-07,17576340.68474731,-0.00014941542938830369,0.0150013396620335,0.0010442945207479,0.0007781917709902106,0.0011266563323606
محمية علبة,1,1991,0.0136221452696304,-0.0136700960646983,0.0204329533823307,6.026085716525202e-05,L5,92,299.45242695635886,2.253149918352282e-05,-0.5351270186584777,-1.8050734606780687,97188.8695154784,281.60030544385614,6.992210262792152e-08,303.5144128998186,303.3932808659647,302.3490130449257,300.04264001347883,301.33877959858825,0.0,7.008756093794038e-08,17208740.990271892,-0.00010300709461454718,0.0037913635243248,0.0011917974374463,0.000777472036130894,0.0011258675352948
محمية علبة,2,1991,0.0134965599898193,-0.0137865082398651,0.0202446035539922,5.564986250830962e-05,L5,92,304.5999396082668,8.394262424870214e-07,1.1101550427588864,-1.412484453662419,96792.2458620987,282.8400005370508,3.831901120664933e-10,309.2448188044443,309.1530437474245,308.316398920637,305.72786448893703,301.92557640039473,0.0,4.90517501371454e-10,27138988.02309689,-0.0001231879517057449,5.7955192191575415e-06,0.00040719938176619495,0.0007140340025395399,0.0011097546057403
محمية علبة,3,1991,0.0114717408504312,-0.0119682562645276,0.0172074318464947,1.900580521447725e-05,L5,91,299.4219572271241,5.211284267304551e-05,-0.5616479722443846,-1.356258974748861,97293.03345995616,287.3202522873684,1.472141905902916e-07,302.8466847748557,302.9223550233241,303.67606015478475,304.9649652112224,303.0520934686969,0.0,1.4752734027823662e-07,13561441.50737203,-0.00010301420169051524,0.0058837437212901,0.00017801561780259772,0.0006024122695656852,0.0010951464299096
محمية علبة,0,1992,0.0124321442864879,-0.0129381818846857,0.018647990760317,0.0011731302154163,L5,91,288.322965631658,5.682581156027593e-06,1.2666218905618658,-1.995369303882274,97841.31569373538,276.7447139276188,1.2781540163460121e-08,290.4747809676056,290.65081288085355,292.3514141166585,297.3056441784389,302.50942459802627,0.0,1.3157091250597006e-08,18064086.61714666,-5.483357394142493e-05,0.0051096038923411,0.00016973778567976397,0.0005934443830007528,0.0010937837673183
محمية علبة,1,1992,0.0079963506082428,-0.0084896534247806,0.01199442482773,6.47586423688391e-06,L5,92,297.03785788379264,2.680604619758056e-06,-0.556180828971015,-1.4745386170571773,97290.92936263815,279.82852822484654,6.1578170487617115e-09,301.3529669826215,301.2109507891183,300.0532294557485,298.0533416885248,300.8306199542027,0.0,6.323646912092681e-09,17227457.053123508,-8.832818766038194e-05,0.00014751159057830324,0.00016005785119289995,0.0005526133985404507,0.0010877109549568
محمية علبة,2,1992,0.0118284163970239,-0.012703249177234,0.0177424567967895,3.988614281273727e-05,L5,92,304.61561866370613,4.124704411242539e-05,0.4534059136082535,-1.2656147079468103,96834.69616113444,283.43104474238373,1.3937238562850184e-07,309.35500655961056,309.2342952593167,308.1440341000192,304.8136479782483,301.1380094561633,0.0,1.394374761486503e-07,26761833.37742523,-0.0001495791811847277,0.0016838017316644,8.677478641745138e-05,0.0004179478186555238,0.0010586513245524
محمية علبة,3,1992,0.0106059637710921,-0.0113757160100062,0.015908788145765,2.951925047331656e-05,L5,91,299.1040138952617,0.0003295610306075596,-0.3612007608235409,-1.4655962480043845,97294.46723328363,286.02595414242387,9.811462131885608e-07,301.97900379028613,302.0842029598294,302.9153978331152,304.5568150391175,302.36971313351785,0.0,9.813779658013644e-07,13489453.924407749,-0.0003398153158492416,0.0191159138678199,0.0046664060599637,0.00035552086692300616,0.0010422712611154
محمية علبة,0,1993,0.0111776367259928,-0.0114600639955411,0.0167662819423749,0.0010066131249996,L5,90,289.50065506526795,6.575084184069967e-05,0.7187449587492579,-1.896139764666584,97753.39085424,279.6515851264927,1.798605360340083e-07,291.8520905280522,291.96883083833467,293.08568584720217,296.98950279539474,301.85036832173427,0.0,1.799907294941076e-07,17698893.764600795,-9.209448554788718e-05,0.0120752960719832,0.0183630236317993,0.00038320572205815433,0.0010405482280685
محمية علبة,1,1993,0.0082261828135588,-0.0109107244089096,0.0123390830910664,8.014655498003255e-05,L5,92,297.6827632533363,6.87718580584841e-05,-0.8094943465264158,-1.362004275945986,97244.1896764204,282.5921438413272,2.413343359126414e-07,302.27247328815963,302.1415554260772,301.07966907158936,298.7544179542401,300.4759189631203,0.0,2.414425515953695e-07,16867152.2847327,-0.00013188373945427078,0.0079521423230604,0.017255946070473,0.0004127934571271667,0.0010405718376275
محمية علبة,2,1993,0.0207940876629533,-0.0204057716135862,0.0311907073895164,3.853975479999941e-05,L5,92,304.9370312757656,7.213549156262535e-07,1.0193212581824185,-1.3427438505562632,96837.43976383448,281.5913960011493,2.3995162680112807e-10,309.4263029053866,309.3109683587066,308.29026229293515,305.20168935761257,301.0438709622315,0.0,2.6626634372972867e-10,27193150.1860404,-0.0001258850742947172,0.0002868919952056866,0.0107087213920218,0.0004289809340058518,0.001040623235128
محمية علبة,3,1993,0.013372641826828,-0.0138945669357348,0.020058732108712,0.0001572129344044,L5,91,299.8696408691195,0.00025018485584971274,-0.5794143815329607,-1.255372679768764,97228.83083838514,287.2369102263076,1.228360442882908e-06,303.1365014127303,303.2144492642444,303.86218249921126,304.9954970419416,302.3887663244535,0.0,1.2287212825998883e-06,13608338.14119395,-0.0002834977051556134,0.01329391746755,0.0077420874402163,0.00047932773628640575,0.001040623235128
محمية علبة,0,1994,0.0266532648050735,-0.0250774189395093,0.039979283115752,0.0046230093275054,L5,90,292.1076317422641,0.00010970819117828474,0.022186667736399,-1.8511923398358752,97635.8082537322,283.0272365502533,3.0186103370135415e-07,294.56210456157487,294.6726958927316,295.72155229428,298.86488628501075,302.1911990674368,0.0,3.0225974967680764e-07,17688907.609076075,-0.00014257921683102082,0.0149980844300051,0.0118026256247047,0.0006772818966839577,0.001040623235128
محمية علبة,1,1994,0.0140370373052288,-0.0144566904311462,0.0210553140860607,2.8703352334681043e-05,L5,92,298.0677128826247,5.324472782350522e-05,-0.3264625975246136,-1.4586789645803804,97221.2769328562,280.49051364596426,1.8552103674555402e-07,302.4391349182333,302.30285435522046,301.21886085634924,299.2715696214718,301.0593567808006,0.0,1.8583417188565482e-07,17620757.50212913,-0.00012805938543512777,0.0029254270101646,0.0091633026120382,0.0007331225174560331,0.001040623235128
محمية علبة,2,1994,0.0134727267134394,-0.0141151123308992,0.020208843312033,0.000134463957,L5,92,304.556793982286,6.334035014858505e-06,0.744579039999284,-1.211762920424191,96769.47801079894,284.3193831064183,1.8920834118187173e-08,309.5971221298668,309.4941370822454,308.57629338801416,305.582344172871,301.58038451871937,0.0,1.9482196532599635e-08,26859191.35634028,-0.000124865357056182,0.0008921748767957362,0.0059959007549602,0.00075193864047392,0.001040623235128
محمية علبة,3,1994,0.0134945423630731,-0.0138076459859034,0.0202415756236169,0.0006423206220332,L5,91,299.474581377136,0.00020988483828778383,-0.3036804198705778,-1.21948237582426,97269.39862323836,287.3671978907276,7.028131489404598e-07,303.01879665260134,303.11981827541985,303.9807760027767,305.36075589691467,302.8691479430331,0.0,7.030094425898898e-07,13244673.755323963,-0.0002503175756713655,0.0129518514976533,0.0046344596105543,0.0007570661908020128,0.001040623235128
محمية علبة,0,1995,0.0215352071084196,-0.0194838638282695,0.0323023429492302,0.0003174464400478,L5,90,290.42874238179786,2.7865111581342e-05,0.6222921040423817,-2.1154946008650493,97779.24168597822,280.4481296843516,7.577285868735358e-08,292.82412120912886,292.9446677940885,294.1132366891316,297.9057583501296,302.4491297142054,0.0,7.606200903773786e-08,18025970.106468745,-7.040537875539643e-05,0.0065563169673594,0.0054917879690692,0.0007609540870731187,0.001040623235128
محمية علبة,1,1995,0.0237787620820919,-0.0229498949159544,0.0356676367529343,0.0004227385593961,L5,92,297.941245607377,2.4882255626572e-05,-0.4508346637620004,-1.3458724695957112,97197.98409142322,281.1094313183176,8.365309725512134e-08,302.506640336964,302.3707202421331,301.2907116018466,299.2876680575819,301.1475166645713,0.0,8.389012016757986e-08,17353809.333656494,-0.0001023274711663496,0.0014352143550264,0.0044893428616651,0.0007644081029130959,0.0010406791507167
محمية علبة,2,1995,0.0235551525719352,-0.0223511409337287,0.0353322334773251,0.0001051113410394,L5,92,305.35849922617524,3.0417923232109666e-05,0.2921249943395338,-1.452647049686549,96704.04098043652,284.74870988118846,9.111139148614245e-08,310.08849263294763,309.9722117985001,308.9120235434894,305.6581019606797,301.6277237117645,0.0,9.13183435586936e-08,26648026.132753484,-0.00014354718360033193,0.0020021270777264,0.0028076480567736,0.0007629233001767596,0.0010406982421874
محمية علبة,3,1995,0.0236271677650159,-0.0223736565923054,0.0354402253963165,0.000135469814797,L5,91,299.2083474871083,3.812885573144939e-05,-0.3236589935753666,-1.5486670133350702,97271.27369876002,286.2346025088517,1.0709802188668754e-07,302.6311469454152,302.73202077911765,303.7203042656656,305.33490331353966,302.93428478648764,0.0,1.0721400038826373e-07,13978801.07609024,-0.00011036611600485162,0.0034239376737989,0.0017800647870445,0.0007498192056731388,0.0010406982421874
محمية علبة,0,1996,0.0210339432703828,-0.0206755550067778,0.0315504725752739,0.0046419577663599,L5,91,291.1824947938987,2.453761036121921e-05,0.2647075453242701,-1.572662546670646,97556.05255902196,281.4454940251556,5.931936477677293e-08,293.687633463227,293.78362322588083,294.78848082135613,298.1740493266332,302.4936592920872,0.0,5.9545611476607785e-08,17993782.429982867,-6.825791827660593e-05,0.0052273312904401,0.00160627658729,0.0007456300751382933,0.0010406982421874
محمية علبة,1,1996,0.0232979153704991,-0.0225405381025374,0.034946381332652,5.355025747575343e-05,L5,92,298.39987689394974,4.337126231093875e-05,-0.5292520103904199,-1.3169561632939353,97155.39119434012,281.30061289768423,1.508889896448773e-07,302.9712273543262,302.8435847512093,301.79842617240126,299.6700835016059,301.2630730155846,0.0,1.5128757424102276e-07,17124885.641271815,-0.00011954518389825172,0.0024728845607303,0.0014329919764773,0.0007406168838269175,0.0010406982421874
محمية علبة,2,1996,0.0222578738440541,-0.0218092416328568,0.0333863626954596,0.0003442047507059,L5,92,305.3189492046961,1.3357493045649588e-06,1.2121849202953372,-1.5621754841172062,96739.29479568148,282.3431577633353,1.7957702364954034e-09,309.6792234388467,309.5809803768972,308.6264150642205,305.71595686695576,301.7848068565609,0.0,2.2634215976880928e-09,26965655.669221576,-0.00012675261460830077,0.0002937123340775208,0.0009991825099097131,0.0007177050127416083,0.0010406982421874
محمية علبة,3,1996,0.0150991253525866,-0.0152703236701331,0.0226484099575636,3.2748793760979104e-05,L5,91,299.4987386832164,0.0004929399276091499,-0.5324624720248292,-1.6178820778897864,97218.3220843302,287.0559947584462,1.645358638164935e-06,302.4788408535241,302.59594298906853,303.3484797412626,305.0718598079467,303.02021798956247,0.0,1.6454344519902172e-06,13545768.502370894,-0.00037552489186618,0.0247253082314448,0.0115155272636142,0.0007544594057839788,0.0010387935642973
محمية علبة,0,1997,0.0170346331810036,-0.0169284891057816,0.0255516050462704,0.0004349245396212,L5,90,290.77958610264534,4.652666648137205e-05,0.4361156881674287,-2.015599770792995,97750.02569412142,281.31659490313024,1.4447215251335336e-07,293.1939223058583,293.33296272385763,294.3868691625181,297.45731424203035,302.410286468132,0.0,1.446606452206532e-07,18039002.27433852,-0.00012075123087608986,0.0138309665514815,0.0569268644433147,0.002294208861542,0.0010375721146303
محمية علبة,1,1997,0.0083823594077546,-0.0119983804114107,0.0125732777820672,0.0001783924109348,L5,92,297.2454090403832,4.263427472779492e-05,-0.3320615102105352,-1.2950704399426949,97284.22347217223,280.2378860109241,1.4016568161168608e-07,301.7794125639441,301.6185057032329,300.5814440200114,298.6308851181168,300.8820170239228,0.0,1.403225895120812e-07,16991913.421581984,-0.00010608916290810813,0.0085466258960721,0.048940689235985,0.0027026961981865,0.0010376541377487
محمية علبة,2,1997,0.0176598552832213,-0.0173393670776849,0.0264894337787429,4.607886540077742e-05,L5,92,304.741198900845,3.2366396301463205e-05,0.4246244334505886,-1.1373367856256575,96857.1503310332,284.6100778580881,1.018364355163217e-07,309.73145457490244,309.6195931040101,308.7803102030415,306.1390676580628,301.53474735022115,0.0,1.0212579280559505e-07,26777790.91797675,-0.00013951246896734272,0.002372759109878,0.0367103573404308,0.0028495219002016,0.0010377498668672
محمية علبة,3,1997,0.0159259588454296,-0.0155619308703596,0.0238886343601961,6.846488621659708e-05,L5,91,299.3142247088793,0.00019355465612814728,-0.5011879254091081,-1.294896567771379,97299.72213118598,286.91324166504,5.879544649915823e-07,302.8968021639864,302.9921892044312,303.72802984569495,305.0695251546502,302.893464748976,0.0,5.879588053271611e-07,13629860.874226391,-0.0002485721835591107,0.0108633310144337,0.0271771229279346,0.0028845009805329,0.0010378604064157
محمية علبة,0,1998,0.0105592190639967,-0.0103018921718191,0.0158386480863377,1.714037705447381e-05,L5,90,290.67999105018043,3.6386812410854034e-06,0.8104647902255074,-1.795512720395036,97734.05731800717,279.8144132866667,7.363821129243537e-09,293.0865956002068,293.211257737876,294.32624312619674,297.81215851017504,302.3970526036673,0.0,7.586954747497474e-09,18333742.804416597,-5.678703049698983e-05,0.0023129594979037,0.0251049427387555,0.0028990544412349,0.0010379411424179
محمية علبة,1,1998,0.0151175806174167,-0.0159101804214303,0.0226760446487916,1.995099001501732e-05,L5,92,298.02240320585497,4.218292482059194e-05,-0.3471713324561964,-1.445118662122766,97269.76624366634,280.8092692872802,1.346848003523333e-07,302.4309267597722,302.2984449455487,301.26831752077163,299.18225636237463,301.0171457472705,0.0,1.347886323304373e-07,17298797.299917903,-0.0001099433959236846,0.0043930837217916,0.0207603939902996,0.00290632138353,0.0010380328758403
محمية علبة,2,1998,0.0125694561132599,-0.0133791590704528,0.0188539558404451,3.066153242883079e-05,L5,92,305.63783866807006,8.268200614951544e-06,1.1587705065876932,-1.2464868063534695,96737.95462643802,282.1583346373394,2.7706777318851534e-08,310.2113644249582,310.086368937536,308.9564167272734,305.72668311098977,301.5818009343746,0.0,2.7946188788316575e-08,26990651.13883834,-0.0001312925221493118,0.00014772952522556249,0.0129918394901041,0.0028546678860482,0.0010381239170176
محمية علبة,3,1998,0.0134085748645173,-0.0135662846135944,0.0201126117653562,4.16794673407647e-05,L5,91,300.58092636053186,2.908106857801182e-05,-0.3325306655619643,-1.471380497485963,97229.2839579148,286.12919078303514,7.841423870032629e-08,303.80075770732725,303.8777913134812,304.62682359563973,305.8092317233783,302.99908115449443,0.0,7.873595068664031e-08,13933576.69514156,-9.795042483554544e-05,0.0024771519599711,0.005652785518442,0.0026549024912805,0.0010382137363736
محمية علبة,0,1999,0.0041682076722417,-0.0066320357515062,0.0062522054978185,0.0005512595402731,L5,90,292.60781832913744,7.351657448121724e-05,-0.2865042642302809,-1.7825615135381296,97582.39393049928,283.81833975772224,1.9860931189663413e-07,295.2247125927448,295.330953405061,296.38615265102726,299.4173853509128,302.7950449363882,0.0,1.987625253567573e-07,17446385.049004987,-0.00010930959354442764,0.0104475339376984,0.0045949962002142,0.0025805718683653,0.0010382856540092
محمية علبة,1,1999,0.0089214914863823,-0.0106670302433924,0.0133820835966492,0.0037199263810496,L5,92,298.3669331776139,9.117590381275012e-06,-0.3489020609644251,-1.9720729461496307,97172.40034001868,280.6316985612914,2.960486521953186e-08,302.5762485000947,302.4689327411019,301.58713629970083,299.96595824183936,301.69554750024844,0.0,2.9964205667946325e-08,17578449.324102465,-9.950846459691182e-05,0.0020486245657732,0.0039026854770687,0.0024837155265668,0.0010383782887845
محمية علبة,2,1999,0.0167205780857899,-0.0154923617454726,0.0250805037747392,7.309558464946479e-05,L5,92,305.0920904202506,6.639777448800772e-06,1.1693403456544136,-1.4955524231691053,96774.84159910714,283.54823917349654,1.6039894038061e-08,309.71368073853046,309.6156991710519,308.6798604405508,305.77795821365515,302.1214315264175,0.0,1.6326360080553114e-08,26988337.269357357,-0.0001263202259565849,0.0004178201988810371,0.0013660689685489,0.0019004131733444,0.0010384636229029
محمية علبة,3,1999,0.0093029991332475,-0.0102387707870289,0.0139543653633243,3.530216308226081e-05,L5,91,300.10097088717845,6.245671397580483e-05,-0.5430008485141954,-1.6409028220072854,97224.68974884426,287.5891331055058,2.158856338244405e-07,303.5243817469544,303.6078218286548,304.39315888431776,305.67542760042727,303.3382782074344,0.0,2.1627566742767605e-07,13697496.118904153,-0.00012936431492687313,0.0039025800347628,0.0009710932830577544,0.0015070125879332,0.0010385260597248
محمية علبة,0,2000,0.0111643938835992,-0.0118742446441976,0.0167464152166472,0.0014130457355288,L5,91,290.88184280971683,2.8525432663919996e-05,0.3232369245792309,-2.114590171663323,97667.92417570876,280.934888140042,8.20516545646604e-08,293.3035610081285,293.4357464916149,294.74028671055214,298.6905118647549,302.9572499003627,0.0,8.23285364085092e-08,18152985.592681896,-7.120857464131594e-05,0.0048281907239728,0.0021065985280084,0.0014481154581355,0.0010386032647933
محمية علبة,1,2000,0.0070374082156529,-0.0067762966739001,0.0105558654727941,2.192448901343384e-05,L5,92,298.1780201881677,4.478376812929449e-05,-0.2547515260512984,-1.7650757294073447,97180.39709581112,279.5635113770706,1.4216429653937056e-07,302.4210228052741,302.2897040569056,301.20418788605303,299.2680128654052,301.5391059321346,0.0,1.422212800160323e-07,17693073.855907083,-0.00012362043007724323,0.0027424944964715,0.0018274179356373,0.001416808289917,0.0010386788605519
محمية علبة,2,2000,0.0097371623090882,-0.0098623823193855,0.0146055820432119,5.075827906501168e-05,L5,92,305.7878399224113,4.470200157865758e-06,1.2004636315425523,-1.6395185022872596,96619.25780181824,282.884567936132,1.2672278442702533e-08,310.27172430263226,310.16514226046417,309.1486086220556,305.9480438512189,301.98066327329286,0.0,1.3276666106198577e-08,27083984.585074484,-0.00012995874171402365,0.0002223180468136132,0.001135788126926,0.001368456667698,0.0010387521351114
محمية علبة,3,2000,0.0059960674012617,-0.0077992039669507,0.0089940745119003,0.0011692439052161,L5,91,298.7251181851477,7.276794146995613e-05,-0.2888298234164984,-1.566086816590905,97200.22603981278,286.4141008649579,2.057195546278869e-07,302.3166150493415,302.41722735626263,303.3960361037307,305.21339704243866,303.22568638073733,0.0,2.059089684508483e-07,13888776.829600766,-0.00013697560034543334,0.0048392309889777,0.0005058699601914698,0.001294652875458,0.0010388230657003
محمية علبة,0,2001,0.0138816762818497,-0.0180329220241292,0.0208222272119207,0.0030464070999294,L5,90,290.6697795390929,1.4688848233702264e-05,0.2113718388387805,-2.019877389669327,97659.19132935297,281.1630348036791,3.9498158088489954e-08,293.05790251331115,293.17400110403446,294.36836566837985,298.1688938270996,302.6997525590987,0.0,3.9820374255199475e-08,18138784.993529297,-6.309698720214517e-05,0.0050979360622829,0.0007513724364962019,0.0012794256636735,0.0010388759873478
محمية علبة,1,2001,0.0151732280957661,-0.0151556127182528,0.022759537175319,0.0001395382360558,L5,92,299.191797383983,1.81413224799746e-05,-0.4787265009311809,-1.363257286272886,97097.64917798134,281.67986408887754,5.6198723282471816e-08,303.66798460511404,303.52747233264387,302.36371867395604,299.92337688461936,301.4321167096088,0.0,5.6326737448830686e-08,17463335.62441099,-0.00010228936333070735,0.001547885452758,0.0006079209620943863,0.0012698029335785,0.0010389416570248
محمية علبة,2,2001,0.0103723241378407,-0.0115207311393134,0.0155583344040152,7.643545113811567e-05,L5,92,305.2057368261547,2.5957349148424397e-06,0.7566638154486282,-1.1303992114133845,96699.96606390268,283.4031673852341,7.955652684550925e-09,310.1424934674212,310.0293810780236,309.0014671965671,305.86155245993217,301.9650655212426,0.0,8.283678057806997e-09,27055716.91801656,-0.00012837764462421953,8.419516303473914e-05,0.00019727115860904544,0.0011584157333254,0.0010350085083135
محمية علبة,3,2001,0.0108100671718583,-0.0121380988947167,0.0162149200692323,0.0007143042775802,L5,91,299.3853186104156,5.481188045576836e-06,-0.3543592439841641,-1.6619395990566814,97247.05610802164,286.4466282406756,1.3712253315502745e-08,302.93569181164025,303.0271417990681,303.9240636585403,305.5439707641585,303.24095265559146,0.0,1.4204115926327652e-08,13915550.333816124,-8.577861729562948e-05,0.00023015938601482657,4.3523567489609866e-05,0.0009817886163310948,0.0010227294837025
محمية علبة,0,2002,0.0077309947627126,-0.0093094082978412,0.0115964178528704,0.0008647153368257,L7,90,290.80878385839765,0.00016156463098419545,0.3640355038953112,-2.0432635073616607,97702.76126863796,281.2830408077754,4.520215311522785e-07,293.1036948107566,293.22434865427914,294.2702650083688,298.0667721650857,302.7584454005414,0.0,4.521192205319279e-07,17835390.17279999,-0.00017290564165416976,0.0143259133460382,0.0050727605837575,0.0068396032675352,0.0042044144444803
محمية علبة,1,2002,0.016652859575856,-0.0179970686589597,0.0249789329458572,0.001521326344527,L5,92,298.30201679765776,2.582320360143671e-05,-0.3830063751430603,-1.508962077333574,97126.75533383492,280.4284721325711,7.306826932696284e-08,302.665469825062,302.55004014033943,301.6110954200097,299.7667445018722,301.4353537217417,0.0,7.316506364821385e-08,17709768.729702674,-0.00011023499341774293,0.0041792635743647,0.0062722478042956,0.0098879294142166,0.0058433699823495
محمية علبة,2,2002,0.0132542425487121,-0.0141257225181781,0.0198811335131128,0.000143808706346,L5,92,305.2476146368944,5.098084917260369e-06,0.5088807611226658,-1.278747350836124,96760.47638457928,284.2680751900989,1.7009613837416474e-08,310.07709028583787,309.95741704340094,308.87048562256484,305.6261008572899,301.8904035832836,0.0,1.727017574500138e-08,27009057.640376706,-0.0001278925068916498,0.00018044656400845405,0.0013560230575516,0.0089513748009083,0.0055757243591223
محمية علبة,3,2002,0.0106978399294065,-0.0118486735366023,0.0160466204121085,1.576566652819192e-05,L7,91,300.25766506392984,9.390094582366344e-05,-0.5448519639240325,-1.361979145464162,97225.91039199776,287.1660787940919,3.000873864667708e-07,303.68177791485954,303.75865118276124,304.4889440844479,305.6453288170834,303.18554711611966,0.0,3.003118512615624e-07,13733976.113362117,-0.00015091720733140045,0.0062349384361902,0.00015933251431636563,0.0073654065382354,0.0052387293751596
محمية علبة,0,2003,0.0099166899341523,-0.0109857379512049,0.0148748929857926,0.0013028562049425,L7,90,291.1562298331374,2.3078761770239924e-05,0.4574059994358742,-1.7727817573229796,97672.1326816969,280.27303796429675,5.732567594392868e-08,293.5501045513985,293.68587186435224,295.0409223885533,298.8665605113307,302.86637554421435,0.0,5.7732401443134136e-08,18134624.91355201,-6.74841539717343e-05,0.0070137791864343,0.0005299733207460918,0.007116971970047,0.00517971815648
محمية علبة,1,2003,0.0158245025971883,-0.015642632818923,0.023736428687766,1.8806448050298453e-06,L7,92,298.037631324033,1.1696425684344776e-05,-0.4938161543259304,-1.4196393664470528,97159.64698131218,281.1006757567222,4.006282174193837e-08,302.64137383317694,302.50598573692974,301.3878759547325,299.43834660599634,301.5278084631576,0.0,4.057165931943452e-08,17524111.613988016,-9.95726433267935e-05,0.0006424002893686677,0.00032138313292124834,0.0065333295314249,0.0050586384153291
محمية علبة,2,2003,0.0083286915174847,-0.0103014149218703,0.0124928960448044,0.0001513669711616,L5,92,305.271467928077,2.427501435232102e-06,1.0122929930701934,-1.233088271847682,96704.71741683438,283.32495974542445,6.679988394487944e-09,309.9025348545072,309.7981745662786,308.8255961039882,305.80170683191443,301.98933238345035,0.0,6.521286734615453e-09,26957258.184031837,-0.0001268046787288674,6.026593037294389e-05,6.471825145563572e-05,0.0049286391645737,0.0047065753107485
محمية علبة,3,2003,0.0057266650678105,-0.0080880111637505,0.008589912662389,1.948796188481735e-05,L7,91,300.248898575946,0.00011826086442618304,-0.5727835282296829,-1.482301644313186,97221.78661669145,287.2071455764671,3.3370943617445094e-07,303.55679316104374,303.6396976819836,304.3935275019624,305.6636057865284,303.26296709634363,0.0,3.34208035775246e-07,13612429.971047828,-0.00016153626131956968,0.0055796631414264,4.5535514013686944e-05,0.0035899748578739,0.0043052594167072
محمية علبة,0,2004,0.0123279680551634,-0.0126997355152899,0.0184917442384858,0.0004703363060142,L5,91,291.2925413304175,5.523511083368173e-05,0.4185651603648138,-1.8137714630242183,97636.6283812696,280.48160682029084,1.48421744550283e-07,293.5571591796075,293.6767287317618,294.84432752466915,298.7194082122144,302.9005418038771,0.0,1.4852110666896012e-07,17877135.872232173,-0.00011546299831529131,0.0114943912109633,0.0012770874960823,0.0033629023706109,0.004225329630383
محمية علبة,1,2004,0.0114925345209051,-0.0127150739815586,0.0172385819690698,0.0001813786866053,L5,92,299.0219867424586,6.877200602715168e-06,-0.4883579315438744,-1.7491517127664509,97167.7086377948,280.2127297279275,2.0408908255503665e-08,303.0652288158573,302.94203482582094,301.9182613245148,299.78618440384497,301.5920522131955,0.0,2.0747897573763815e-08,17709921.97010057,-9.935358176334724e-05,0.0005728293834357896,0.0007831420612018807,0.0032286048392257,0.0040944726503351
محمية علبة,2,2004,0.0091507688357729,-0.0108453709512401,0.0137260250797834,0.0002549502041806,L5,92,304.98664411022816,1.0804929503160944e-06,0.91554338476948,-1.3894250457765422,96775.51156814591,282.5399544163011,1.6975443421888936e-09,309.6652902432449,309.5641588199945,308.6283959101719,305.75392934624074,302.0544797541752,0.0,2.081916243571639e-09,27115749.11767456,-0.00012667020852962912,1.30799057888739e-05,0.00012798636163198986,0.0026314330801573,0.0036189230720222
محمية علبة,3,2004,0.0083944545648588,-0.0094857826457538,0.0125915715082345,0.0001649956162158,L5,91,299.9611011069647,0.00012147347580521776,-0.7062854358385801,-1.4244527910578746,97225.28662121943,287.49955776744247,3.796943051916355e-07,303.4290259754852,303.5160715297471,304.3402838775547,305.5215110146894,303.24943754863136,0.0,3.799173526695732e-07,13553795.275598478,-0.00017372403489182851,0.0089094292582309,5.485838173694088e-05,0.0021690011268459,0.0031994358673695
محمية علبة,0,2005,0.0073811561754535,-0.0086622122891745,0.0110716427511796,0.000158410173001,L5,90,291.0006642835633,1.9589217017642065e-05,0.1544985136793767,-1.799122958371461,97617.1967877983,280.8202447608391,4.919455552516055e-08,293.52715932690285,293.63124233651746,294.6880304087446,298.4081487917269,302.8551895450563,0.0,4.9579909527636906e-08,18145184.947124176,-5.9502995577522346e-05,0.0057376213600059,0.00011403139140764443,0.0021358345504958,0.0031599030337659
محمية علبة,1,2005,0.0121669623519849,-0.0134621961798237,0.0182501471636613,0.0001475522701479,L5,92,298.11329967610664,3.729387877960997e-05,-0.6161987589216406,-1.501629165762457,97218.94669836151,281.75649676656843,1.309949887117332e-07,302.68022085227057,302.57470248844515,301.73127624831113,299.95763878633204,301.586934800693,0.0,1.3127830747911097e-07,17434539.272653915,-0.00011489743566098568,0.0034876843246798,5.360559137449933e-05,0.0021178138337252,0.0030984283701711
محمية علبة,2,2005,0.0169204110869809,-0.0161693424509931,0.0253802610207783,0.0003339055281192,L5,92,305.471859609817,1.8486577891167477e-06,0.4545239893721019,-1.2958745799280027,96728.76629890462,284.2360592219891,4.983666431472959e-09,310.29967971741263,310.1747675837457,309.03299005924293,305.73804811700387,302.02672286563546,0.0,5.1317741385050714e-09,26796516.239313584,-0.00012797334564448713,0.00013443855604035532,9.605183908613392e-06,0.0019197776918326,0.0027673525163301
محمية علبة,3,2005,0.0135760218826901,-0.0145404828062724,0.0203637772737158,0.0004278559107069,L5,91,299.3407832306056,1.6462795154688803e-05,-0.3581492044812575,-1.625941485198576,97264.83956453888,286.3638968296982,5.3717208416844194e-08,302.76238359455976,302.8600096465536,303.814431783118,305.5212838705045,303.28766078567924,0.0,5.393250010967824e-08,13946282.203609712,-9.154437470006796e-05,0.0012621100652448,-8.80492625881339e-22,0.0016547825629494,0.0024794172969403
محمية علبة,0,2006,0.0086802736562027,-0.0099423460313109,0.0130203163782337,0.0002540108739342,L5,90,292.6655024927002,7.573771951073498e-05,-0.3383022828534987,-1.6703150751685083,97501.6786749157,283.472098676754,1.9166687565794585e-07,295.20316460939165,295.292755451117,296.2164124375012,299.2664783747061,302.93808188148586,0.0,1.9177522206083038e-07,17566122.62181227,-0.0001041076501743142,0.0106319198338765,1.8013074024614077e-05,0.0016041743655121,0.0024299455206078
محمية علبة,1,2006,0.0123740988776631,-0.0127427296803884,0.0185609194404999,0.0001905066971272,L5,92,298.3167347197272,1.664461873141328e-05,-0.2309487459898618,-1.479785233569207,97172.13804895122,280.4140072122009,5.5990786125298976e-08,302.8001534230274,302.6923188682515,301.82550595513607,300.0964364251405,301.8034233937015,0.0,5.64736899060688e-08,17455302.25153603,-0.00010184387415218194,0.0013933309013855,8.855442228961701e-06,0.0015614483226671,0.0023753487240774
محمية علبة,2,2006,0.0144134663395347,-0.0147331614354354,0.0216199228042102,0.0005073524457871,L5,92,305.3690615305082,1.0257684622755366e-06,0.6277596030855007,-1.4099718233335905,96734.04641450578,283.44157078236464,1.2039201555606747e-09,310.0603545371158,309.94932808118045,308.9277076554795,305.8628234385414,302.2350598957274,0.0,1.3658924212688034e-09,26952620.109078683,-0.00012760901413233483,4.125088371488676e-05,6.276066232064805e-07,0.0014016796100737,0.0022002967679939
محمية علبة,3,2006,0.0075780030084556,-0.0093840481258487,0.0113668779530013,8.189944552051056e-05,L5,91,299.70271197481003,8.888742330039081e-05,-0.3680012859949538,-1.5141407201160215,97219.196115067,286.3683823141573,2.608151968056107e-07,303.2457763625743,303.3423406869919,304.2686013009722,305.78715687141914,303.4551776049572,0.0,2.611604018446845e-07,13702596.445266012,-0.0001503687176876599,0.0061993108674556,0.00047746022023792265,0.0011587697965195,0.002083023612037
محمية علبة,0,2007,0.0070972526958648,-0.0086438304856236,0.0106457910211404,5.472494526456448e-05,L7,90,290.2981251236872,3.86594768291608e-06,0.6657890121122998,-2.205988039950082,97742.21611168566,279.22586239609166,7.661684769064863e-09,292.49080349159453,292.61831049763737,293.8799327681161,297.9494806117907,302.9397769216856,0.0,8.019954165620807e-09,18503138.72835512,-5.827314412996792e-05,0.001863941158378,0.001443648694169,0.0011321009624435,0.0020715283878569
محمية علبة,1,2007,0.0118335922413408,-0.0125826048877758,0.0177502000421325,0.0002420407768049,L5,92,298.42122295053656,1.629514406693793e-05,-0.4006816137491271,-1.468576982929504,97165.6568595994,280.31695737457534,5.6558154277491725e-08,302.8738972927165,302.74788938345205,301.69945829103483,299.5816582103539,301.5098140562386,0.0,5.6836939470002375e-08,17566666.230984505,-0.00010177250340865846,0.000956084379659432,0.0010184000733636,0.0011305994624302,0.002052019921568
محمية علبة,2,2007,0.0116925029191944,-0.0125948975516498,0.017538576076203,0.0001824991027365,L5,92,305.21509643170646,5.251018175431842e-06,0.9692772730876624,-1.2455946759438907,96700.1481119438,283.4308308729327,1.2391434095491645e-08,309.9891283208779,309.8790174970203,308.8582922552162,305.7997585524455,301.9726248475439,0.0,1.2601272731379382e-08,26929883.520989813,-0.0001281474654211025,0.0004154748769087047,0.0003593752849532896,0.0010816414480207,0.0020094450585438
محمية علبة,3,2007,0.013132559278807,-0.0132711729809361,0.0196985980225807,0.0001339131148161,L5,91,299.73612429763745,3.6372237498419616e-05,-0.2908862790446072,-1.61267131157232,97240.97534066302,286.51839101272435,1.1343154846619692e-07,303.03167509411924,303.1202637920717,303.9959079180938,305.4725936682067,303.2244366881083,0.0,1.1384942492759424e-07,13965220.34918294,-0.00010584517669262638,0.0031326282342464,6.238591969289414e-05,0.0009619294484288024,0.0019564621656537
محمية علبة,0,2008,0.0101645684906179,-0.0102996285775897,0.0152466899140208,0.0005478923479645,L5,91,290.6859187875933,0.00012925772307029258,0.0829972608864772,-2.4691662223970705,97699.46688533548,281.5930387652264,3.769268283114181e-07,292.93509462479045,293.07543126668423,294.3199845068916,298.3772463790417,302.8169464955156,0.0,3.7705666589907385e-07,17587559.175828625,-0.00015753060618816712,0.0144865342484183,0.0005036747157381672,0.0009191442266641252,0.0019416562735316
محمية علبة,1,2008,0.0098506356322412,-0.0114498728130017,0.0147757791816721,9.527769629179115e-05,L5,92,299.2592709218413,1.939155909682349e-05,-0.7115048203961479,-1.510384936040871,97082.91225054646,280.9611449227515,6.789608174059762e-08,303.46601394179004,303.32957954525904,302.1819335021965,299.7956201089852,301.4740247412736,0.0,6.797418287126355e-08,17450546.59072663,-0.00010721203519891011,0.0017191568308357,0.0003792590674667926,0.0009114965028198304,0.001935390738182
محمية علبة,2,2008,0.0142730636374516,-0.0146199741897601,0.021409334942981,0.0001494264922026,L5,92,305.2791600622637,9.013706686876624e-07,1.0727723143702212,-1.543589260337205,96663.4934412033,282.0737383084306,9.919005953997087e-10,309.55713321007426,309.4543969057811,308.4948401571478,305.64643215171515,301.9690304554188,0.0,1.1045031050476726e-09,27206277.74714468,-0.00012570795530795803,3.3800242686949133e-07,3.8124173062622416e-05,0.0007713944743019715,0.0018851879153843
محمية علبة,3,2008,0.0099206912060411,-0.0109106516534093,0.0148808810157372,4.4153014748700405e-05,L5,91,299.823439735649,3.857543778525109e-05,-0.3401271816792135,-1.8100853057720665,97243.05783970476,286.49537666276416,1.0786152479428575e-07,303.1315343782084,303.21713544606496,304.03836557014444,305.3432139469508,303.16612273782306,0.0,1.0814954630668533e-07,13788501.83524273,-0.00010430445777281656,0.003105832745285,2.2514104538000093e-08,0.0005953719799840242,0.0018180282574591
محمية علبة,0,2009,0.0121885481504118,-0.0127681074892551,0.0182826203421888,0.0005131485848074,L5,90,291.9558206996077,1.0979446436146054e-05,-0.2640213075929408,-1.864607955582196,97602.67479048688,281.9435777566392,3.0141347542983615e-08,294.128722445233,294.2393003612804,295.3644631967283,298.76700341030534,302.77204842972105,0.0,3.026528371226195e-08,18225010.43243095,-6.341532281623627e-05,0.0039929540887617,2.641322941505604e-07,0.0005592129259224395,0.0018035807781908
محمية علبة,1,2009,0.013486555777757,-0.0141540573814492,0.0202295586299247,8.290932950133368e-05,L5,92,297.8954164073692,1.1395565198379843e-05,-0.342814744695477,-1.695409519981634,97184.59832969792,280.1252077141812,3.2095652465860246e-08,302.3206346803115,302.21219797015266,301.3353006625722,299.70606638476374,301.55302573411467,0.0,3.234661018867153e-08,17575637.008330975,-9.73512606142062e-05,0.0009818883483897372,1.0366291614317293e-07,0.0005343773538287403,0.0017781546079656
محمية علبة,2,2009,0.0028677037406581,-0.0050526215137595,0.0043016040548619,2.215741098537643e-05,L5,92,305.437899623463,7.204048952791312e-06,0.8486702868769763,-1.3139763269456075,96742.5330163466,283.4404078983203,2.3434157768677195e-08,310.2147083985113,310.09410264009347,308.9851318868661,305.756154686016,301.97923896585445,0.0,2.396685281556708e-08,26917474.258759547,-0.00012993302478871138,0.00019118029483017817,-9.89705194164415e-22,0.0004025501968599601,0.0016864569490651
محمية علبة,3,2009,0.011398251211772,-0.0119765552494132,0.0170972033282638,0.000128026115165,L5,91,299.6687187278061,5.878248568763594e-05,-0.4042030903114572,-1.3911594042366675,97225.72880280064,286.7185108668743,1.6661206255144724e-07,303.1287839001988,303.2199448288781,304.111391532708,305.5003064082055,303.21168122473154,0.0,1.6703161201492218e-07,13787649.759672638,-0.00012244985856990796,0.005004618928043,4.9951455784504765e-06,0.0002708026414767931,0.0015967321758757
محمية علبة,0,2010,-0.0030035901216414,-0.0008334234971371,-0.0045051563587639,0.0001034831406118,L5,90,293.0029992558217,3.730857006085566e-05,-0.0948016373264699,-1.3186498754061826,97547.53458006655,282.64080709270934,9.775644165764209e-08,295.4829077750579,295.5556143612381,296.3546754301919,299.18063330572875,302.8779534041111,0.0,9.81013506770612e-08,18081718.760086957,-7.400659491718207e-05,0.0078431167289328,5.331869538156967e-05,0.0002529149802334337,0.0015835037660407
محمية علبة,1,2010,0.0162313764552455,-0.0163497114693725,0.024346754788313,5.823825755103072e-05,L5,92,299.57596161191105,1.853332565174049e-05,-0.4700237672046444,-1.5192562868002375,97162.77158484232,280.9774361673929,6.25155807603024e-08,303.875810714554,303.76786776331613,302.87213730903244,301.0158750444648,301.92807957632675,0.0,6.256407002868176e-08,17633172.300876133,-0.0001100457178620986,0.002182438027815,3.422339712322455e-05,0.0002498960193589404,0.0015733703837087
محمية علبة,2,2010,0.0113089208262157,-0.0116090651092133,0.0169631797393327,9.301698417004606e-05,L5,92,306.7204569055521,2.780260639395214e-05,0.9094254469318416,-1.618678044346045,96669.68889772869,284.1032340577089,9.093825388729033e-08,311.370690813126,311.24979171939384,310.0712192043886,306.613888315487,302.5216132199152,0.0,9.121462866671737e-08,26744308.116720777,-0.0001473265208571275,0.0012777842503516,1.8276176632480138e-08,0.00017643863617364323,0.0014951051204808
محمية علبة,3,2010,0.0053383533381676,-0.0075393392015897,0.0080075049691774,0.000121296306333,L5,91,301.36042322507296,6.974459543828394e-05,-0.8998804574756148,-1.379266843816635,97116.82153207542,287.9832896580636,2.1121270543263483e-07,304.58399854342383,304.6626708975916,305.43705471228884,306.61361728736034,303.88856029691124,0.0,2.1143575922378734e-07,13658123.133403257,-0.00013120811812201812,0.0052042872573635,1.370321279106811e-07,0.000111077086640044,0.0014118917388357
محمية علبة,0,2011,0.0083341866218121,-0.0096930709905903,0.0125011599960695,0.0006540700852266,L7,90,292.2169825550598,6.57351629868026e-05,0.3204926210677075,-1.731318119976898,97461.57989851444,281.70744132694364,1.8704383887121154e-07,294.6002764509663,294.722012732306,295.92157336942364,299.7096360746655,303.6401523147643,0.0,1.872683800208359e-07,17865170.440160636,-0.00010624316290380006,0.0116975322379197,0.0004800426742233689,0.0001017404579254518,0.0014002009012612
محمية علبة,1,2011,0.011321577186291,-0.0125855645600938,0.016982206231948,0.0005200308249796,L5,92,297.6088339361808,5.17865437543508e-06,-0.2924171157428683,-1.9740766212691927,97224.33194918888,280.37126270204084,1.2646141696688141e-08,302.180958688402,302.0884373421332,301.3399984008092,300.01434336408016,302.3426025145468,0.0,1.266952769927417e-08,17571739.064845067,-9.531709272580308e-05,0.0005532473837744404,0.00040406127511382977,0.00010080959585838254,0.0013934999647451
محمية علبة,2,2011,0.0085009155583172,-0.0099589009195645,0.0127512913858551,0.000122111846975,L5,92,305.2402956750225,4.557357386046206e-06,0.886127759963945,-1.4914999857551745,96661.5371268309,283.2365710879449,1.1954353141684805e-08,309.94522386603336,309.84139240524496,308.864494700947,305.8846942100664,302.5821023532729,0.0,1.2133699427605214e-08,27039445.948194414,-0.0001278426986213065,0.000251180968060634,6.235430614057791e-05,7.597541575950539e-05,0.0013337212465478
محمية علبة,3,2011,0.0126621377309995,-0.0134569680537818,0.0189930016324554,8.572406458316066e-05,L5,91,298.88371191468457,4.542608633520868e-06,0.190183029035232,-1.6496544639271056,97222.6192909016,285.3034122881586,1.0525692571445334e-08,302.4375127472772,302.5509332390335,303.6336190882237,305.5051866286496,303.6824936842913,0.0,1.0893465777225072e-08,14042895.108288942,-8.753838688727004e-05,0.00024401863307238188,-7.7288417985141495e-22,5.014922542160398e-05,0.0012415819622389
محمية علبة,0,2012,0.0111689558319535,-0.012372961720929,0.0167532177731157,0.0046320122369837,L7,91,290.95678909325886,1.5970415865339026e-05,0.2400701518141983,-2.056116965656237,97643.77667980576,280.67022074264145,4.179391674090741e-08,293.37199635660926,293.4768471120345,294.5385759590915,298.19133779762944,303.0816039210826,0.0,4.19318305093469e-08,18263201.155597832,-6.154808392887569e-05,0.0023579408279042,9.815484249842773e-08,4.027154438387994e-05,0.0012098934427291
محمية علبة,1,2012,0.0172970389675599,-0.0172588547431976,0.0259452060831217,3.483314429990108e-06,L7,92,298.33854329707134,1.5715082714667937e-05,-0.3729412604107246,-1.6156905193108873,97187.05121247162,279.92706663748294,5.153600241639589e-08,302.75014845568904,302.6229475891415,301.58148911725795,299.6102709747999,301.66355073655984,0.0,5.1658449527666526e-08,17749182.06029236,-0.0001039979848288674,0.0012712992665987,1.0415382445201998e-07,3.822842813275008e-05,0.0011987012897462
محمية علبة,2,2012,0.0070353234278827,-0.0095784844942966,0.0105528609663435,6.090668520464426e-05,L7,92,306.2694394659418,2.755729854441356e-06,1.409235616247079,-1.5762378140228366,96657.7425730398,282.74978713360963,7.078371602493525e-09,310.7334183422495,310.63140386159074,309.6176474601141,306.32771579569385,302.1531748550962,0.0,7.369602269811607e-09,26925461.47037652,-0.00013148081612745428,7.262523098934464e-05,-9.19979409200388e-22,2.841942069291943e-05,0.0011075998427835
محمية علبة,3,2012,0.0110993228267429,-0.0123398490808972,0.0166488156229044,0.0011021000548098,L7,91,300.1626161420354,0.00016740826433670784,-0.5903970619372283,-0.9937232274030944,97165.33946610434,288.0052007448444,5.258336124649963e-07,303.73740093161547,303.8147181339012,304.5263776758041,305.84002778299055,303.4710039742892,0.0,5.261648826594063e-07,13602784.65558347,-0.00021505612155530327,0.0104384376582782,0.0009292331682930208,2.2968954366357932e-05,0.0010056352481095
محمية علبة,0,2013,0.0155583359204337,-0.0163623291019431,0.0233370891264617,0.0040960655362381,L7,90,292.048198574687,9.201141626581172e-05,0.1096814462561651,-1.8067500308598363,97585.99582097452,282.0623455388993,2.6069874584754625e-07,294.4556138597036,294.5629209614227,295.5435115703368,299.0892219909342,303.13918868060955,0.0,2.608715961257136e-07,17886089.6741299,-0.0001256731752446856,0.0101675376368483,0.0021644021295958,2.267491188713185e-05,0.0009921166109751504
محمية علبة,1,2013,0.0242818883472868,-0.0243988364111285,0.0364222514281861,0.0053740286528569,L7,92,299.09177747464963,1.4258214129901688e-05,-0.5051910292001465,-1.5123423258158954,97105.81936848478,281.8476665794706,3.9335518622660644e-08,303.7174503291744,303.5992482599979,302.65601006401266,300.6020957837342,301.98959872414986,0.0,3.948268495722549e-08,17745214.808447707,-0.0001038234551426954,0.0026033053132195,0.0018488918734071,2.319117726425402e-05,0.0009920865809748844
محمية علبة,2,2013,0.0252056854550148,-0.0250089098721436,0.0378079065783106,0.0056572421125646,L7,92,305.5497286802736,4.362522060614138e-06,1.1139334640239404,-1.4313339822241775,96667.82317598104,283.67657235423627,1.3867927634197732e-08,310.2740444679308,310.17475069886274,309.2037995150196,306.244204025076,302.48856419720335,0.0,1.3972966379991986e-08,26756283.36838175,-0.00012823770792989934,0.00025261159090548657,0.0010725530886496,2.340220256024096e-05,0.0009858814420012334
محمية علبة,3,2013,0.0188907654614054,-0.019143466673275,0.0283356895757173,0.0036861564224146,L7,91,299.8154787337364,1.9819139553012464e-05,-0.299670322776896,-1.572956949413421,97175.3300739208,286.41610140608896,5.920493301296655e-08,303.4068094570514,303.48876314268523,304.29778788066176,305.7550539758179,303.68080048779444,0.0,5.937398987291156e-08,13871749.544194194,-9.430042053908832e-05,0.0013579925013196,0.0005864648629825793,2.340220256024096e-05,0.000968587331975136
محمية علبة,0,2014,0.0191775863996554,-0.0200725943503981,0.0287658120407513,0.012677414158328,L7,90,291.8468869454739,1.789698548534567e-05,0.0023222257337524,-1.9969513382457948,97620.97544052788,282.06999904839336,4.514248495599831e-08,294.2473490814965,294.3663051018668,295.5285414054188,299.06226170446865,303.2507172962562,0.0,4.5289608688558765e-08,18132042.38197718,-6.406759094581544e-05,0.0048842136177086,0.0004861563420838299,2.340220256024096e-05,0.0009633688419857812
محمية علبة,1,2014,0.0193388007008569,-0.0207203088527072,0.0290076823048824,0.0098663460040114,L7,92,299.45218641557,4.486872805995005e-05,-0.4531333496829945,-1.4166815558179249,97162.69423596124,281.4947487565474,1.432528103628103e-07,303.67434841266703,303.5557428391934,302.55574801652523,300.558551144286,302.0564563262101,0.0,1.4346014179441544e-07,16796826.413456254,-0.00011366762155447391,0.0038568603298479,0.0004746642474918354,2.340220256024096e-05,0.0009611420831402204
محمية علبة,2,2014,0.0209718587908101,-0.0218232684694384,0.0314572681305015,0.0082537487309314,L7,92,305.5747609879673,3.3934821250869336e-05,0.590217629876702,-1.463574663777406,96789.05058727248,283.9314542822499,1.058953884948043e-07,310.23233808726843,310.1280771085569,309.1305288761323,306.139354189501,302.5288486765656,0.0,1.0609588365769625e-07,26835162.00625792,-0.00014892014624105028,0.0018152591131818,0.0002626829610604442,2.340220256024096e-05,0.000929844423070594
محمية علبة,3,2014,0.0134627055589896,-0.0159839705953047,0.0201936441142113,0.0043232158278182,L7,91,299.2876466711115,7.457244289088692e-05,-0.0881823238601762,-1.6825291308907857,97279.87698143948,286.3172499686261,2.2635877203439442e-07,302.86860310015106,302.97774626657394,304.0005718665892,305.7168504328965,303.69729356260865,0.0,2.26672245274628e-07,13825368.061886216,-0.00013638846096567298,0.0047101581657157,5.9488161641673134e-05,2.29638027826019e-05,0.0008883767160524824
محمية علبة,0,2015,0.0187963090307213,-0.0194100633805757,0.0281939046355492,0.0081600762065781,L7,90,292.3369742924409,0.00010396807494352557,-0.2079187335369426,-1.6693309189486554,97644.19079710574,283.14694225535914,2.888725097559224e-07,294.9825443666172,295.07071645812044,295.9517715622021,299.1818307619698,303.26495016386906,0.0,2.892589999968745e-07,17737586.41928096,-0.0001266080743126281,0.0141436534098906,0.0027300714483095,2.59345920465717e-05,0.0008774008141942769
محمية علبة,1,2015,0.0184292164944282,-0.0187466574400148,0.0276434044127337,0.0012642985069134,L7,92,298.6604956810231,2.512775090286614e-06,-0.2512209451004412,-1.87698580349179,97230.54915490384,280.05423726503324,5.768221544932144e-09,303.0362342612036,302.9307204193782,302.0628110495015,300.32590539670804,302.076324590983,0.0,5.9614963966117655e-09,17492224.383916587,-9.732656410288876e-05,0.0015365816979918,0.0031439077027955,3.425138542451053e-05,0.0008774008141942769
محمية علبة,2,2015,0.0194504263737865,-0.0200041115542575,0.0291751862714461,0.0030904812130277,L7,92,305.55544914297786,1.7831485896910394e-05,0.4849761018583701,-1.6286384620872496,96791.56612002272,284.1849084562352,6.453350865447503e-08,310.2253723022146,310.1126707514277,309.06792313744705,305.9448880924056,302.4431639343449,0.0,6.47700257548616e-08,27039920.95927082,-0.0001353260032770176,0.0006420053977959649,0.0019423368899926,3.757738300241556e-05,0.0008762763544092297
محمية علبة,3,2015,0.0164556949182361,-0.0172335999310746,0.0246831454723873,0.0026452924545192,L7,91,300.867683218504,8.049840648477097e-05,-0.4569399262565951,-1.465158421819587,97198.4947684648,287.6911710925966,2.540132975114286e-07,304.4949178195979,304.570057659022,305.28637474103346,306.4345226609934,303.71158068165244,0.0,2.543430067633345e-07,13658640.01128178,-0.0001341294941859704,0.0061605097231247,0.0011876685428505,3.7804317183957314e-05,0.0008701603474013669
محمية علبة,0,2016,0.0207583851918083,-0.0203906029994424,0.0311369956096256,0.0057712103972557,L7,91,290.7686934904652,7.863151021149385e-06,0.6038748510722671,-2.2885020847818374,97815.1117986322,279.76551599087423,1.952553464610988e-08,293.0636988883704,293.2025823968039,294.55087686605947,298.70486393507576,303.3473547992996,0.0,1.9936133548469388e-08,18428521.343806807,-6.194495618852357e-05,0.0040729455092056,0.0011366210246581,3.776767225150601e-05,0.0008693118175828311
محمية علبة,1,2016,0.0169929346522873,-0.0182548838985529,0.0254889995195813,0.0031409017027984,L7,92,299.969392935604,5.932929871157271e-05,-0.6618972618931308,-1.4176402028535735,97158.36484250482,283.25349081382655,1.9394852779122665e-07,304.59148494153266,304.4636119082336,303.3690332473996,300.8072265278819,302.0610792325696,0.0,1.9397045880353146e-07,17293928.054476548,-0.00013197869752704967,0.0039591300921725,0.0009568031232436538,3.774453828071285e-05,0.00086863743878793
محمية علبة,2,2016,0.0200612643621715,-0.0207931436674439,0.0300914002207382,0.0027471312321753,L7,92,306.20481721437045,2.5661763502479126e-06,0.9669112614222508,-1.5403565226766192,96742.98421610602,283.93791690687283,6.996657974498931e-09,310.7862015754041,310.6774402990389,309.63849716622605,306.66954292474145,302.6685845541815,0.0,7.0736600567121994e-09,26953205.768598825,-0.0001306203726952286,7.801935426723031e-05,0.000514485567178488,3.715029077544893e-05,0.0008479286196512014
محمية علبة,3,2016,0.017536768080021,-0.0185145993011444,0.0263047115698461,0.0047274227931803,L7,91,300.4807180320821,8.799044355477924e-05,-0.73314280477354,-1.3513360525711944,97209.91212876224,287.9672238019886,2.598164208784776e-07,303.9753335580179,304.05585868091373,304.8435483115182,306.16993288089134,303.9188685758845,0.0,2.600398944984536e-07,13716599.428020362,-0.00015105474310514385,0.0063061779213296,0.00013328352728285216,3.0866816715264204e-05,0.0008036739697349665
محمية علبة,0,2017,0.0162763333019524,-0.0168558062893701,0.0244141056841066,0.0041745497745235,L7,90,291.0269842837488,1.3010266227603e-05,0.1713838730411876,-2.151553465895645,97727.07470999948,280.8490416505365,3.377204598831522e-08,293.4825667121445,293.61858945485443,294.9733015060895,299.121349408994,303.51190826178623,0.0,3.4119604103057714e-08,18218533.64060916,-6.107448467847657e-05,0.0049158149782561,6.626260862133428e-05,2.944188864834336e-05,0.0007936149872929215
محمية علبة,1,2017,0.0188113552128226,-0.0230671254078665,0.0282165109450802,0.0103264187100452,L7,92,298.79086445627786,6.989850047244822e-05,-0.3942324459107315,-1.5214638609747453,97190.89238435795,281.19102433755137,2.3456872789693653e-07,303.21301609735656,303.0911960585317,302.05118217428003,299.98556106451923,302.1242942338153,0.0,2.345723825452713e-07,17068477.447601672,-0.00014048944739141871,0.0034897026656163,5.094056806369498e-05,2.822863986943016e-05,0.0007811972824424393
محمية علبة,2,2017,0.0189678634795173,-0.0202707699033765,0.028451301275496,0.0078304137006232,L7,92,306.7453071357077,1.0011689746310272e-05,1.0872981916928344,-1.7169179074569254,96686.4983186705,282.98878807662766,3.324258446131407e-08,311.1092101839918,310.9958942655043,309.86818030833234,306.514081359504,302.5630092929831,0.0,3.3465689736052044e-08,26754542.65646266,-0.00013726001037113984,0.0010493062081461,2.672520553085303e-05,2.4426347863430616e-05,0.0007384324789338655
محمية علبة,3,2017,0.0158503312363325,-0.0166268908722403,0.0237751280045925,0.0013780025184527,L7,91,299.7688904750258,4.951815439547984e-05,-0.1585872920605725,-1.7033126841494726,97225.84823008617,286.0841031786146,1.4126699175658514e-07,303.20727968483186,303.3153555884896,304.3302979120342,306.0375510771144,303.83620514828584,0.0,1.414480894965777e-07,13980173.770392133,-0.00011896291706880218,0.0029644139994957,6.855460857639001e-06,2.220208960843373e-05,0.0006679987082440768
محمية علبة,0,2018,0.0211648155058476,-0.0216188723724761,0.0317467010700713,0.010913868562732,L7,90,292.7295829598544,7.753110571080595e-05,-0.588896140664844,-1.8435040140448071,97620.7818469045,283.2245809855112,2.226027985972412e-07,294.8774282206134,294.971263703074,295.90904129809763,299.2746574441639,303.4162170074462,0.0,2.227725752864974e-07,17802595.655106816,-0.0001099328919786366,0.0116867869834099,8.697484981157266e-06,2.220208960843373e-05,0.0006535325322285234
محمية علبة,1,2018,0.0202063696924474,-0.0206293300492968,0.0303091038142856,0.0029878620571111,L7,92,300.2433970915825,6.130401776120504e-06,-0.6893220980285449,-1.0377385968254615,97098.13758924896,281.7891821149332,1.7971048622371134e-08,304.66311108830456,304.53354751747804,303.4701714751144,301.1414691317141,302.2893383290433,0.0,1.821329982072161e-08,17606286.755285624,-0.000104281920351131,0.0014468133629648,4.245431272900705e-06,2.216000004923737e-05,0.0006287479537183207
محمية علبة,2,2018,0.0185767952443635,-0.0200057541076149,0.0278647219326943,0.0069932375780927,L7,92,305.9118131591946,2.654631418812347e-05,0.5672115353245331,-1.247034449997659,96759.46504161852,285.2470437796002,7.682670280532452e-08,310.8826919766602,310.7814180295682,309.8135018256538,306.8706866092532,302.8931663892637,0.0,7.698264123258196e-08,26542405.996039394,-0.00014321707017064057,0.001564910588132,9.786926557282097e-08,1.901014516839436e-05,0.0005602387999955407
محمية علبة,3,2018,0.0152219894360571,-0.0167655742085191,0.0228326116369266,0.0034278860522469,L7,91,300.289579081422,0.0002438178998452712,-0.469601007126678,-1.3463815067790927,97227.10895303052,288.0380801448048,7.224901770813076e-07,303.8094434502748,303.9038879801918,304.6633572301822,306.29780579244994,304.1452879113156,0.0,7.226494784451755e-07,13429152.191679629,-0.0002508457479720539,0.0129957118080785,0.0044603068276281,2.059048915657478e-05,0.0005204520764042173
محمية علبة,0,2019,0.025050218867432,-0.0256592638112398,0.0375745997264463,0.0166719421842852,L7,90,291.44443179587745,6.858870610680394e-05,0.338840840363815,-1.819594041433628,97676.88176381304,281.3808494383896,2.0429651261652643e-07,293.9634725520386,294.09503540742554,295.30520868141934,298.96204942764007,303.62155421203147,0.0,2.0469501155766453e-07,17481844.68396164,-0.00010938365695885877,0.0126535929997932,0.0136534972872174,5.968528097306758e-05,0.0005113037109374999
محمية علبة,1,2019,0.0149089880846893,-0.0184496539559833,0.0223630000277654,0.0039460026574671,L7,92,298.00053701525445,3.1582296826366326e-05,-0.4127805093847934,-1.5935235082872783,97247.75841475064,279.7905669189616,1.0767480257982477e-07,302.3556425540163,302.23858513145115,301.30717467917066,299.67639206088285,302.18158036357056,0.0,1.0798580363010341e-07,17516955.606946923,-0.00010925457486643747,0.0036216153754475,0.0117290127187535,8.712650177177797e-05,0.0005113037109374999
محمية علبة,2,2019,0.0211749795193921,-0.0217601898782065,0.0317619633646769,0.0061069918308892,L7,92,306.1742662134462,6.818077167407878e-05,0.8085007161266418,-1.3083130690479643,96790.3381141026,284.96693755546937,2.270008863236282e-07,310.8671908075005,310.7633440441601,309.75558703538974,306.55496989876485,302.5716369469649,0.0,2.272161390220636e-07,26471835.687834863,-0.0001745936168871933,0.0036680488116166,0.0071349890374379,9.972843018963589e-05,0.0005113037109374999
محمية علبة,3,2019,0.0189316138522365,-0.0192898346609829,0.0283969876061694,0.0032870337945951,L7,91,300.7193369509272,0.00024788605673536484,-0.4663821809928777,-1.3210418263296682,97159.59159742828,288.3401893501367,7.493247389872311e-07,304.3372301783463,304.42017919821444,305.1028551355183,306.36703995056826,303.87709928982287,0.0,7.494508454645926e-07,13525420.49794786,-0.0002957952387306401,0.0135205541389081,0.0052773656294832,0.00010564683452646436,0.0005113037109374999
محمية علبة,0,2020,0.0206547425842974,-0.0199904001096687,0.0309815505823112,0.0053902311112944,L7,91,290.41632734812697,3.08781865767808e-06,0.7244710313375944,-2.089969059423237,97816.61111464207,279.6757222626037,6.96378591975108e-09,292.7747406166346,292.92076621636573,294.32295000432174,298.6007831674326,303.44656129984963,0.0,7.350399338550391e-09,18411717.722460043,-5.821204188504341e-05,0.0029958394983986,0.0062319018373674,0.00012642930280531463,0.0005113037109374999
محمية علبة,1,2020,0.0240419824587676,-0.0243783716338733,0.0360623119307884,0.0111017766996191,L7,92,298.55704904718965,3.838140158848826e-05,-0.1886906342154044,-1.2557215170016434,97271.7429689166,281.09115044901387,1.0916105017354813e-07,303.20465590919207,303.08006063807886,302.0516071862012,299.8622279816089,301.9621729183277,0.0,1.091131135516918e-07,17494836.579717446,-0.0001159881151246659,0.002187022037949,0.0044242807937496,0.00013923371003438854,0.0005113037109374999
محمية علبة,2,2020,0.0189550584290563,-0.0198386743965923,0.0284321273145746,0.0036839879641972,L7,92,305.83793068874513,4.326691660676461e-05,1.0756549876223311,-1.2741919608698309,96739.59089396868,284.38092851200224,1.4756117084377279e-07,310.5624070254623,310.4496475569346,309.3759338748912,306.2581657429199,302.3970079122728,0.0,1.4774849615901345e-07,26667190.250653114,-0.00015338059502564494,0.0027546715396849,0.0028513314130066,0.00014240701794312094,0.0005113037109374999
محمية علبة,3,2020,0.0191218763064331,-0.0199326941766512,0.02868238096095,0.0026135590040185,L7,91,301.09049916430104,7.100834199835286e-05,-0.3947039312839612,-1.5007884654230577,97250.49894035292,287.1829999087935,2.159696248419535e-07,304.2900782628737,304.3754803333252,305.17760965004373,306.3904272835823,303.72257911292513,0.0,2.161092605398899e-07,13707193.989901291,-0.00013365842754160137,0.0058444525211401,0.0018110217357345,0.00013767313725519348,0.0005113037109374999
محمية علبة,0,2021,0.0282882258522082,-0.0281618663223718,0.042431403073761,0.0161989917140519,L7,90,292.5018191989284,3.336600310849232e-05,0.1286629306942583,-1.872247549614367,97689.83065686528,282.50471889608247,9.380652403416561e-08,294.96288728308224,295.07417487172034,296.19576737580314,299.6670443321607,303.45298810232686,0.0,9.385895218395969e-08,18073068.112492204,-7.423938843260798e-05,0.0075731515949594,0.0016121027363032,0.00013767228132909235,0.0005113037109374999
محمية علبة,1,2021,0.0209458871619911,-0.0208721489429115,0.0314183468366697,0.0023164104989886,L7,92,299.3821738204831,1.0480681178553924e-05,-0.6513222754933055,-1.7601593874686294,97236.0799513402,281.65782759158947,3.0293984210822075e-08,303.723655850501,303.58980537628486,302.4860314916613,300.452052700685,302.2635904789924,0.0,3.0505502642356265e-08,17596551.73336309,-0.00010169491219607992,0.0012920819992084,0.0014698964623354,0.00013610860985445686,0.0005113037109374999
محمية علبة,2,2021,0.0153265239924288,-0.018024444540243,0.0229893506359107,0.0063099448050054,L7,92,306.53374787374094,2.0068915574333412e-05,0.8241736933483973,-1.537002612684531,96784.2605301916,283.8483016015849,6.27823560384008e-08,310.93970401679724,310.8397301358864,309.82544103583035,306.7133096466487,302.74984527358384,0.0,6.291132718871069e-08,26204234.807610683,-0.00014014251485619167,0.0011532110934609,0.0007659145138745366,0.00012286592326656316,0.0005091373385653687
محمية علبة,3,2021,0.0257211398241008,-0.0253947661452536,0.038581054862947,0.002626622130454,L7,91,300.44902964740487,0.00015527193702080484,-0.2760830982261955,-1.5678178450920386,97250.34336520317,286.57184794886854,4.347646266407449e-07,303.53925702002465,303.639081020839,304.4834416316229,306.1954497086249,304.0053829699266,0.0,4.350204791641386e-07,13809386.79341655,-0.00020047243244656967,0.0080564230021692,0.0021539028119744,0.0001060554658268634,0.0004948664152715342
محمية علبة,0,2022,0.0266333029918309,-0.0264999084777845,0.0399491319110213,0.0124060601756094,L7,90,290.8450518307127,0.00010688820843963092,0.6945174920436237,-1.9418112859628485,97721.34845993624,280.52001617726853,2.896240054364186e-07,293.21727035999817,293.3609823385998,294.6873941355984,298.7588042711394,303.52373296327016,0.0,2.896546934503147e-07,17622566.162972953,-0.00014186545392276453,0.014660845940729,0.0100904629552007,0.0001038339810794828,0.0004894766566265059
محمية علبة,1,2022,0.0277267027911296,-0.0269752072842408,0.0415893634164196,0.0039472382388219,L7,92,298.98660420505286,3.774789915247785e-06,-0.680067909741955,-1.830691232386522,97203.7004501962,280.4248358827198,8.432942575781409e-09,303.1245501435327,302.99281762712866,301.911833488594,299.79574618714577,302.0340457123705,0.0,8.802630315593765e-09,17781236.46918021,-9.904726158091854e-05,0.0005793618835161467,0.0077426297748153,0.00010636020578471322,0.00048672972689629086
محمية علبة,2,2022,0.029268125148806,-0.0285171151243782,0.0439014307528683,0.0069996005393762,L7,92,306.06682364987745,2.2636573228398e-05,0.6226638451716526,-1.4146430143214608,96696.72219361326,285.02921318525205,8.099196530437514e-08,311.080105571689,310.9600300350652,309.8227786411034,306.4369782802103,302.4716351789276,0.0,8.110559504965074e-08,26573282.18382776,-0.00014093659972472448,0.0008062607577526902,0.0030417357072918,0.00010328633112080624,0.0004803332349278653
محمية علبة,3,2022,0.0270891554562411,-0.0265608254945217,0.0406330275245874,0.0052217156588422,L7,91,300.5776438327153,6.664097439110236e-05,-0.4230762773994184,-1.4936968405327982,97250.14160424408,287.8017878322852,1.8080015080221037e-07,304.26501248007725,304.34587823463016,305.1230958152078,306.392779129555,303.80010376025143,0.0,1.8093710811851865e-07,13623373.46433244,-0.0001285753476618536,0.0034770222468632,0.0008381051672510351,8.365820540381823e-05,0.0004719195440275438
محمية علبة,0,2023,0.0297506590853849,-0.0290575617296701,0.0446251364660301,0.015149960016439,L7,90,291.8831290800503,1.6571421030431084e-05,0.2992952614095944,-2.047917107070232,97733.58135760072,281.9963403838565,4.4148876325512804e-08,294.4023609037701,294.5273453926819,295.7733539263737,299.56767744187925,303.5207709062425,0.0,4.45240121609076e-08,18100861.164435018,-6.858013309628127e-05,0.0076270076331258,0.000585117883099237,7.801644484840402e-05,0.0004689903535038591
محمية علبة,1,2023,0.0274436809501686,-0.0269937551895516,0.0411647339010166,0.0066166793715725,L7,92,298.50190276191057,6.47240264858829e-05,-0.4703087338907256,-1.3321052224917749,97215.50932899656,282.0989929877667,2.2175822537753374e-07,303.1901675904518,303.0755039422052,302.1395469435445,300.3156914907756,302.2750305853396,0.0,2.2187263725814306e-07,17371522.504117984,-0.0001327197842553625,0.002713988747854,0.0002211466527305723,7.103650849257251e-05,0.0004616723487072013
محمية علبة,2,2023,0.0297503091583717,-0.0291186570049928,0.0446246895988914,0.0076386769766877,L7,92,306.68695735198634,1.0517558567125668e-05,0.6586888886131498,-1.224409079550122,96811.54138533838,284.9171624351812,3.6769964858585126e-08,311.55348670650324,311.4262316713923,310.23775284506786,306.71088450530334,302.708527451994,0.0,3.7098958143830714e-08,26746440.08068054,-0.00013738369625071508,0.0014263097726759,4.300917100381826e-05,4.491451936844694e-05,0.0004374336449163671
محمية علبة,3,2023,0.0262755892484037,-0.0260169385901609,0.0394126885365239,0.0068749150138634,L7,91,301.62385837450057,0.00012589779199956424,-0.6770500613810781,-1.4372272754107225,97242.8823392485,288.6540870736143,3.953011733845152e-07,305.1464743221861,305.220389086627,305.88898487673833,306.9172704809609,304.08209198880616,0.0,3.959039355151374e-07,13607921.58748632,-0.00018959169551605853,0.0077344373752414,4.284840792600344e-05,2.338685084064796e-05,0.0003910521563955856
محمية علبة,0,2024,0.0268914615520052,-0.0265392779191325,0.0403364181069654,0.0106568975661945,L8,91,292.77674263805005,5.34331387185744e-05,0.3266186949068335,-1.8136960349405544,97755.16741491176,282.6708242095178,1.4551686842868013e-07,295.3586234735881,295.4818548430083,296.6923772436264,300.3597221785958,303.9213758875156,0.0,1.4559909805909986e-07,18009046.042736705,-9.914016438117644e-05,0.0087014206901653,0.00010556127271362228,2.325218844126505e-05,0.0003817000423569276
محمية علبة,1,2024,0.0297560560308249,-0.02877237922619,0.044633301963734,0.0047191912131671,L8,92,299.1692414659896,2.454536828397229e-05,-0.3298674285932047,-1.6876272219717428,97224.01728039616,281.9924128784272,8.657667698068352e-08,303.63704392282875,303.52530611060683,302.6129572300269,300.8254721523507,302.7181120991891,0.0,8.666990407790849e-08,17507146.01901231,-0.0001106948780337902,0.0013962913626418,5.953463538895729e-06,2.297957446826197e-05,0.0003722311914789337
محمية علبة,2,2024,0.0312056345502225,-0.0317390387041081,0.0468075960186773,0.0146441802874228,L8,92,307.3785017838509,0.00014248602950622224,0.8339834323049194,-0.9634535480313844,96735.0329257864,285.89532545036013,4.557163194563449e-07,311.9313646343533,311.8119812271443,310.6102610866784,307.17128591492235,303.17307328665413,0.0,4.557513812875922e-07,25642703.709504858,-0.00024165279286078836,0.0047141582606911,4.589975236160332e-06,1.8306410456278236e-05,0.00033122041161738483
محمية علبة,3,2024,0.0291442991849514,-0.0278876995954572,0.0437156304862407,0.007114423514034,L8,91,300.4668671299313,5.7281950934777376e-05,-0.0529490744135828,-1.7299151022850423,97276.9258476006,287.5422212076588,1.6288691982439498e-07,304.283644574574,304.38837446292763,305.3569188578211,306.9108918950351,304.4897595337347,0.0,1.6303639782512006e-07,13735272.211944534,-0.00012823258773031013,0.0057067982603652,7.141700467520837e-05,1.6397010280993473e-05,0.0003128589137359448
محمية علبة,1,2025,0.0310462626380567,-0.0330188744887161,0.046568507756566,0.0165242357607176,L8,92,299.11067318326667,6.1426041828114885e-06,-0.2611680931523934,-1.8327026528119168,97227.43960542476,280.4003306011349,1.94912870995595e-08,303.33287195901283,303.2194363594425,302.262969659701,300.4235208480644,302.6684460149332,0.0,1.9663655052265012e-08,17741487.496633794,-0.00010043784320089066,0.0006178998881533684,0.00010472600586193277,1.6051510730421682e-05,0.0003071502648245836
محمية علبة,2,2025,0.030189187404958,-0.0319191171439892,0.0452829616021634,0.0161868065411092,L8,92,306.1845266546465,1.2311740218221856e-05,1.0656088483781534,-1.2072554094068788,96797.85202079368,283.7902211106269,4.218345914853684e-08,310.8964614522895,310.7817159440284,309.70621784367705,306.5199209461359,302.992892086398,0.0,4.239690403715983e-08,26624731.99975315,-0.00013319503484130867,0.0004246041264774618,3.278841205514993e-07,1.3707404239069043e-05,0.0002732821578273436
محمية علبة,3,2025,0.0266559226691214,-0.0257520015923377,0.0399832233497278,0.0016379053713553,L8,76,301.58437214632374,1.250376368715824e-05,-0.1865611558980905,-1.474671468957536,97240.5650722093,286.7240120426647,3.238373832303504e-08,305.0913468740456,305.1648046942644,305.8816004421871,306.9428844951009,304.1619427861349,0.0,3.2431282192827644e-08,14341983.71017144,-9.683608433577776e-05,0.0003644710433531004,1.6015697246221717e-07,8.364603046230975e-06,0.0002401254483394102
